CASE_ID,ACCIDENT_YEAR,PROC_DATE,JURIS,COLLISION_DATE,COLLISION_TIME,OFFICER_ID,REPORTING_DISTRICT,DAY_OF_WEEK,CHP_SHIFT,POPULATION,CNTY_CITY_LOC,SPECIAL_COND,BEAT_TYPE,CHP_BEAT_TYPE,CITY_DIVISION_LAPD,CHP_BEAT_CLASS,BEAT_NUMBER,PRIMARY_RD,SECONDARY_RD,DISTANCE,DIRECTION,INTERSECTION,WEATHER_1,WEATHER_2,STATE_HWY_IND,CALTRANS_COUNTY,CALTRANS_DISTRICT,STATE_ROUTE,ROUTE_SUFFIX,POSTMILE_PREFIX,POSTMILE,LOCATION_TYPE,RAMP_INTERSECTION,SIDE_OF_HWY,TOW_AWAY,COLLISION_SEVERITY,NUMBER_KILLED,NUMBER_INJURED,PARTY_COUNT,PRIMARY_COLL_FACTOR,PCF_CODE_OF_VIOL,PCF_VIOL_CATEGORY,PCF_VIOLATION,PCF_VIOL_SUBSECTION,HIT_AND_RUN,TYPE_OF_COLLISION,MVIW,PED_ACTION,ROAD_SURFACE,ROAD_COND_1,ROAD_COND_2,LIGHTING,CONTROL_DEVICE,CHP_ROAD_TYPE,PEDESTRIAN_ACCIDENT,BICYCLE_ACCIDENT,MOTORCYCLE_ACCIDENT,TRUCK_ACCIDENT,NOT_PRIVATE_PROPERTY,ALCOHOL_INVOLVED,STWD_VEHTYPE_AT_FAULT,CHP_VEHTYPE_AT_FAULT,COUNT_SEVERE_INJ,COUNT_VISIBLE_INJ,COUNT_COMPLAINT_PAIN,COUNT_PED_KILLED,COUNT_PED_INJURED,COUNT_BICYCLIST_KILLED,COUNT_BICYCLIST_INJURED,COUNT_MC_KILLED,COUNT_MC_INJURED,PRIMARY_RAMP,SECONDARY_RAMP,LATITUDE,LONGITUDE,COUNTY,CITY,POINT_X,POINT_Y
91572964,2021,2021-09-17,9140,2021-09-05,0305,020519,,7,3,9,1800,0,1,A,,2,730,"CENTER ROAD","LEAVITT LANE",8448.00,E,N,A,-,N,,,,,,,,,,Y,4,0,1,1,A,-,08,22107,,N,E,I,A,A,H,-,D,D,0,,,,,Y,,A,08,0,0,1,0,0,0,0,0,0,"- ","- ",40.398151397705078,-120.48893737792969,LASSEN,UNINCORPORATED,-120.49164581298828,40.397991180419922
91621492,2021,2022-01-17,9165,2021-10-30,0554,018506,,6,3,9,1800,0,1,3,,2,062,"US-395 S/B",SR-70,2640.00,S,N,A,-,Y,,,395,,,,,,S,N,1,1,0,2,A,-,11,21954,A,F,G,B,E,A,H,-,D,D,0,Y,,,,Y,,N,60,0,0,0,1,0,0,0,0,0,"- ","- ",39.767200469970703,-120.03913879394531,LASSEN,UNINCORPORATED,-120.0391845703125,39.767200469970703
91403794,2021,2021-02-08,9135,2021-02-04,1630,019680,,4,2,9,1800,0,1,3,,2,652,"STATE ROUTE 139","TERMO GRASSHOPPER RD",93984.00,N,N,A,-,Y,,,,,,,,,,Y,3,0,1,1,A,-,01,23152,G,N,E,I,A,A,H,-,A,D,0,,,,,Y,Y,A,01,0,1,0,0,0,0,0,0,0,"- ","- ",,,LASSEN,UNINCORPORATED,-120.91979217529297,41.107967376708984
91573568,2021,2021-10-01,9140,2021-09-09,0553,020458,,4,3,9,1800,0,1,3,,2,032,SR-44,"MCCOY RD.",4224.00,E,N,A,-,Y,,,44,,,,,,,Y,3,0,1,1,A,-,08,22107,,N,F,A,A,A,H,-,D,D,0,,,,,Y,,D,22,0,1,0,0,0,0,0,0,0,"- ","- ",40.454921722412109,-120.91519927978516,LASSEN,UNINCORPORATED,-120.91521453857422,40.454898834228516
91579406,2021,2021-09-27,9140,2021-09-23,1350,020569,,4,1,9,1800,0,1,3,,2,041,"HWY 139","SPRING RIDGE RD",13200.00,N,N,A,-,Y,,,139,,,,,,,N,2,0,1,1,C,-,18,,,N,H,A,A,A,H,-,A,D,0,,,Y,,Y,,-,"- ",1,0,0,0,0,0,0,0,1,"- ","- ",40.468151092529297,-120.61036682128906,LASSEN,UNINCORPORATED,-120.61038208007812,40.468105316162109
91674809,2021,2022-01-10,9140,2021-12-27,1025,019275,,1,1,9,1800,0,3,5,,2,010,"WENDEL ROAD","HELMAN LN.",16368.00,E,N,B,-,N,,,,,,,,,,N,4,0,1,2,A,-,03,22350,,N,G,B,E,C,C,G,A,D,0,Y,,,,Y,,A,01,0,0,1,0,1,0,0,0,0,"- ","- ",40.320381164550781,-120.19151306152344,LASSEN,UNINCORPORATED,-120.1915283203125,40.320350646972656
91674863,2021,2022-01-10,9140,2021-12-28,0928,018094,,2,1,9,1800,0,1,2,,2,014,US-395,"MPM 42.50",400.00,N,N,B,-,Y,,,395,,,,,,,Y,4,0,1,1,A,-,03,22350,,N,F,A,A,C,H,-,A,D,0,,,,,Y,,A,07,0,0,1,0,0,0,0,0,0,"- ","- ",40.17327880859375,-120.37480163574219,LASSEN,UNINCORPORATED,-120.3748779296875,40.173160552978516
91639729,2021,2021-12-01,9135,2021-11-25,1930,019680,,4,2,9,1800,0,1,3,,2,020,"LITTLE VALLEY RD","LUMBEE DR.",6336.00,N,N,A,-,N,,,,,,,,,,Y,2,0,2,1,A,-,03,22350,,N,E,I,A,A,H,-,D,D,0,,,,,Y,,A,07,1,1,0,0,0,0,0,0,0,"- ","- ",33.894199371337891,-118.29820251464844,LASSEN,UNINCORPORATED,-121.22679138183594,40.915004730224609
91834600,2021,2022-08-08,9140,2021-06-28,1711,016169,,1,2,9,1800,0,1,2,,2,021,US-395,"MAPES ROAD",3168.00,S,N,A,-,Y,,,,,,,,,,Y,2,0,2,1,A,-,05,21650,,N,E,8,A,A,H,-,A,D,0,,,,,Y,,D,22,2,0,0,0,0,0,0,0,0,"- ","- ",40.223640441894531,-120.20211791992188,LASSEN,UNINCORPORATED,-120.32758331298828,40.377101898193359
91477626,2021,2021-05-27,9165,2021-05-09,1725,018622,,7,2,9,1800,0,1,3,,2,062,"US-395 S/B",SR-70,3696.00,S,N,A,-,Y,,,395,,,,,,S,Y,3,0,1,1,A,-,01,23152,F,N,E,I,A,A,H,-,A,D,0,,,,,Y,,D,22,0,1,0,0,0,0,0,0,0,"- ","- ",39.762958526611328,-120.03929901123047,LASSEN,UNINCORPORATED,-120.03927612304688,39.762958526611328
91655831,2021,2021-12-20,9140,2021-12-04,1630,021815,,6,2,9,1800,0,3,5,,2,040,"3RD STREET","DELWOOD STREET",7.00,W,N,A,-,N,,,,,,,,,,Y,4,0,1,2,A,-,03,22350,,N,C,C,A,A,H,-,B,D,0,,,,,Y,,A,01,0,0,1,0,0,0,0,0,0,"- ","- ",40.302108764648438,-121.00453948974609,LASSEN,UNINCORPORATED,-121.00442504882812,40.302139282226562
91489974,2021,2021-06-04,9170,2021-05-28,1425,018478,,5,2,9,1800,0,1,2,,1,001,US-395,"ASH VALLEY ROAD",5280.00,N,N,A,-,Y,,,395,,,,,,,Y,2,0,1,1,A,-,08,22107,,N,F,0,A,A,H,-,A,D,0,,,,,Y,,D,22,1,0,0,0,0,0,0,0,0,"- ","- ",41.098068237304688,-120.47432708740234,LASSEN,UNINCORPORATED,-120.47425079345703,41.098094940185547
91429300,2021,2021-03-17,9140,2021-03-16,1005,020806,,2,1,9,1800,0,3,5,,2,010,"COUNTY ROAD A25","US HIGHWAY 395",6864.00,S,N,A,-,N,,,,,,,,,,Y,4,0,1,1,A,-,08,22107,,N,F,A,A,A,H,-,A,D,0,,,,,Y,,A,01,0,0,1,0,0,0,0,0,0,"- ","- ",40.126518249511719,-120.24156188964844,LASSEN,UNINCORPORATED,,
91616444,2021,2021-11-04,9140,2021-11-01,0100,020502,,1,3,9,1800,0,1,3,,2,032,"STATE ROUTE 44","MCCOY ROAD",1056.00,W,N,B,-,Y,,,44,,,,,,,Y,3,0,1,1,A,-,08,22107,,N,F,A,A,A,H,-,D,D,0,,,,,Y,,A,07,0,1,0,0,0,0,0,0,0,"- ","- ",40.468681335449219,-120.93144989013672,LASSEN,UNINCORPORATED,-120.93141937255859,40.468711853027344
91628403,2021,2021-11-18,9140,2021-11-10,0045,020502,,3,3,9,1800,0,1,3,,2,031,"STATE ROUTE 139","COUNTY ROAD A1",3168.00,S,N,A,-,Y,,,139,,,,,,,N,3,0,1,1,A,-,08,22107,,N,E,I,A,A,H,-,D,D,0,,,,,Y,,D,22,0,1,0,0,0,0,0,0,0,"- ","- ",40.732719421386719,-120.70143890380859,LASSEN,UNINCORPORATED,-120.70142364501953,40.732791900634766
91458754,2021,2021-05-27,9140,2021-04-24,2040,020806,,6,2,9,1800,0,1,3,,2,062,"STATE ROUTE 32","POTATO PATCH CAMPGROUND ROAD",9504.00,W,N,A,-,Y,,,,,,,,,,Y,2,0,1,1,A,-,08,22107,,N,E,8,A,A,H,-,D,D,0,,,,,Y,,D,22,1,0,0,0,0,0,0,0,0,"- ","- ",,,LASSEN,UNINCORPORATED,,
91405766,2021,2021-02-10,9140,2021-01-30,1955,016322,,6,2,9,1800,0,3,5,,2,020,"LAMBERT LANE","MAPES ROAD",0.00,,Y,A,-,N,,,,,,,,,,N,4,0,1,1,A,-,01,23152,A,M,E,I,A,A,H,-,D,A,0,,,,,Y,Y,D,22,0,0,1,0,0,0,0,0,0,"- ","- ",40.321800231933594,-120.39894104003906,LASSEN,UNINCORPORATED,-120.39884185791016,40.321861267089844
91526183,2021,2021-07-22,9165,2021-07-18,1223,013901,,7,1,9,1800,0,1,3,,2,063,US-395,SR-70,12672.00,N,N,B,F,Y,,,395,,,,,,,Y,3,0,1,2,A,-,03,22350,,N,C,C,A,A,H,-,A,D,0,,,,,Y,,A,01,0,1,0,0,0,0,0,0,0,"- ","- ",39.809429168701172,-120.03311920166016,LASSEN,UNINCORPORATED,-120.03314971923828,39.809429168701172
91407746,2021,2021-02-12,9140,2021-02-06,2055,020806,,6,2,9,1800,0,3,5,,2,020,"JOHNSTONVILLE ROAD","CENTER ROAD",3168.00,W,N,A,-,N,,,,,,,,,,Y,4,0,1,1,A,-,08,22107,,N,H,H,A,A,H,-,D,D,0,,,,,Y,,D,22,0,0,1,0,0,0,0,0,0,"- ","- ",40.397449493408203,-120.60665130615234,LASSEN,UNINCORPORATED,-120.58709716796875,40.385868072509766
91580846,2021,2021-09-27,9165,2021-09-20,0030,018622,,1,3,9,1800,0,1,3,,2,062,"US-395 N/B","COUNTRY LANE",60.00,N,N,A,-,Y,,,395,,,,,,N,N,4,0,1,1,C,-,18,,,N,H,H,A,A,H,-,D,D,0,,,,,Y,,-,"- ",0,0,1,0,0,0,0,0,0,"- ","- ",39.737888336181641,-120.03884887695312,LASSEN,UNINCORPORATED,-120.03883361816406,39.737892150878906
91558829,2021,2021-08-30,9140,2021-08-25,1410,020259,,3,2,9,1800,0,1,3,,2,032,SR-44,"CONARD RD",4752.00,W,N,A,-,Y,,,44,,,,,,,N,2,0,1,1,A,-,08,22107,,N,E,I,A,A,H,-,A,D,0,,,,,Y,,D,22,1,0,0,0,0,0,0,0,0,"- ","- ",40.447109222412109,-120.88870239257812,LASSEN,UNINCORPORATED,-120.88870239257812,40.447090148925781
91605685,2021,2021-10-25,9140,2021-08-13,0315,020696,,5,3,9,1800,0,1,3,,2,031,"STATE ROUTE 139","RICE CANYON RD.",100.00,N,N,F,-,Y,,,139,,,,,,,Y,1,1,0,1,A,-,08,22107,,N,E,I,A,A,H,-,D,D,0,,,,Y,Y,,G,25,0,0,0,0,0,0,0,0,0,"- ","- ",40.480209350585938,-120.54503631591797,LASSEN,UNINCORPORATED,-120.54505157470703,40.480216979980469
9566618,2021,2023-05-17,1801,2021-04-13,1825,2076,,2,5,3,1801,0,0,0,,0,,"RT 36","LAUREL ST",0.00,,N,-,-,Y,LAS,2,36,-,-,25.900,H,-,W,N,3,0,2,2,A,-,03,22350,,N,-,-,A,-,-,-,-,-,0,,,,,Y,,-,,0,1,1,0,0,0,0,0,0,"- ","- ",40.412609100341797,-120.64035034179688,LASSEN,SUSANVILLE,-120.63953399658203,40.413051605224609
91633119,2021,2021-11-23,9140,2021-11-10,1930,016322,,3,2,9,1800,0,3,5,,2,010,"DOYLE LOOP",US-395,75.00,E,N,A,-,N,,,,,,,,,,Y,2,0,1,1,A,-,05,21650,,N,F,A,A,A,H,-,C,D,0,,,Y,,Y,Y,C,02,1,0,0,0,0,0,0,0,1,"- ","- ",40.031768798828125,-120.10768127441406,LASSEN,UNINCORPORATED,,
91399230,2021,2021-02-01,9135,2021-01-26,2020,018866,,2,2,9,1800,0,3,5,,2,007,"SUSANVILLE RD",SR-139,7920.00,W,N,D,-,N,,,,,,,,,,Y,4,0,1,1,A,-,03,22350,,N,E,I,A,C,H,-,D,D,0,,,,,Y,,A,01,0,0,1,0,0,0,0,0,0,"- ","- ",41.117691040039062,-120.95037078857422,LASSEN,UNINCORPORATED,-120.94921112060547,41.117694854736328
91550025,2021,2021-08-20,9140,2021-08-10,0330,020696,,2,3,9,1800,0,1,2,,2,021,US-395,"LAKE LEAVITT RD.",365.00,N,N,A,-,Y,,,395,,,,,,,Y,3,0,1,1,A,-,01,23152,A,M,E,8,A,A,H,-,D,D,0,,,,,Y,Y,A,01,0,1,0,0,0,0,0,0,0,"- ","- ",40.364948272705078,-120.44268035888672,LASSEN,UNINCORPORATED,-120.44268035888672,40.364963531494141
91638212,2021,2021-11-30,9140,2021-11-25,0505,020696,,4,3,9,1800,0,1,3,,2,011,SR-36,"WILLARD CREEK RD.",1584.00,E,N,A,-,Y,,,36,,,,,,,Y,3,0,1,1,A,-,08,22107,,N,F,A,A,A,H,-,D,D,0,,,,,Y,,A,01,0,1,0,0,0,0,0,0,0,"- ","- ",40.384029388427734,-120.79749298095703,LASSEN,UNINCORPORATED,-120.79743194580078,40.383960723876953
91542284,2021,2021-08-11,9135,2021-08-09,1836,018866,,1,2,9,1800,0,3,5,,2,007,"DAY RD","OAKWOODS DR.",385.00,S,N,A,-,N,,,,,,,,,,Y,3,0,1,1,A,-,01,23152,A,N,E,I,A,A,H,-,A,D,0,,,,,Y,Y,D,22,0,1,0,0,0,0,0,0,0,"- ","- ",41.11376953125,-121.33203125,LASSEN,UNINCORPORATED,-121.33197021484375,41.113742828369141
91638707,2021,2021-11-30,9140,2021-11-14,1919,016169,,7,2,3,1801,0,3,5,,2,020,"SKYLINE ROAD","JOHNSTONVILLE ROAD",4752.00,N,N,A,-,N,,,,,,,,,,Y,3,0,1,1,A,-,01,23152,A,N,F,A,A,D,H,-,D,D,0,,,,,Y,Y,A,07,0,1,0,0,0,0,0,0,0,"- ","- ",40.415679931640625,-120.6234130859375,LASSEN,SUSANVILLE,-120.62339019775391,40.404609680175781
91517988,2021,2021-07-12,9140,2021-07-04,2230,020519,,7,3,9,1800,0,1,A,,2,730,"US 395 NORTHBOUND","CHURCH STREET",2376.00,N,N,A,-,Y,,,,,,,,,,Y,2,0,2,1,A,-,08,22107,,N,E,I,A,A,H,-,D,D,0,,,,,Y,,D,22,2,0,0,0,0,0,0,0,0,"- ","- ",,,LASSEN,UNINCORPORATED,-120.42032623291016,40.365230560302734
91492073,2021,2021-06-08,9135,2021-05-28,1104,018777,,5,1,9,1800,0,3,5,,2,007,"LASSEN COUNTY ROAD A2 (SUSANVILLE ROAD)","LENARD ROAD",9.00,N,N,A,-,N,,,,,,,,,,Y,3,0,1,1,A,-,08,22107,,N,E,I,A,A,H,-,A,D,0,,,,,Y,,A,01,0,1,0,0,0,0,0,0,0,"- ","- ",41.131938934326172,-121.04833221435547,LASSEN,UNINCORPORATED,-121.04896545410156,41.132164001464844
91505671,2021,2021-06-24,9140,2021-06-22,2110,020519,,2,2,9,1800,0,1,2,,2,013,"US 395 S/B","JETERS ROAD",500.00,S,N,A,-,Y,,,,,,,,,,Y,3,0,2,1,C,-,18,,,N,H,H,A,A,H,-,D,D,0,,,,,Y,,-,"- ",0,2,0,0,0,0,0,0,0,"- ","- ",40.269439697265625,-120.47752380371094,LASSEN,UNINCORPORATED,-120.47755432128906,40.269447326660156
91518223,2021,2021-07-12,9140,2021-07-06,0823,018094,,2,1,9,1800,0,1,2,,2,014,US-395,"HUMPRHEY HILL",0.20,N,N,A,-,Y,,,,,,,,,,N,4,0,3,2,A,-,03,22350,,N,C,C,A,A,H,-,A,D,0,,,,,Y,,A,01,0,0,3,0,0,0,0,0,0,"- ","- ",40.092338562011719,-120.19027709960938,LASSEN,UNINCORPORATED,,
91560663,2021,2021-09-01,9140,2021-07-06,1045,020502,,2,1,9,1800,0,1,3,,2,031,"STATE ROUTE 139","SPRING RIDGE DRIVE",21648.00,N,N,A,-,Y,,,139,,,,,,,Y,1,1,0,2,A,-,03,22350,,N,F,0,A,A,H,-,A,D,0,,,Y,,Y,,C,02,0,0,0,0,0,0,0,1,0,"- ","- ",40.455879211425781,-120.58791351318359,LASSEN,UNINCORPORATED,-120.58789825439453,40.455902099609375
91630532,2021,2021-11-19,9170,2021-09-03,0620,021104,,5,1,9,1800,0,1,2,,1,001,"US HIGHWAY 395","COUNTY ROAD 527",12672.00,N,N,A,-,Y,,,395,,,,,,,Y,1,2,0,1,A,-,08,22107,,N,E,8,A,A,H,-,B,D,0,,,,,Y,,A,01,0,0,0,0,0,0,0,0,0,"- ","- ",41.087509155273438,-120.47055053710938,LASSEN,UNINCORPORATED,-120.47087860107422,41.087482452392578
91425311,2021,2021-03-11,9140,2021-03-09,0533,020458,,2,3,9,1800,0,1,2,,2,014,US-395,"CO. RD. A25",7392.00,S,N,A,-,Y,,,395,,,,,,,Y,2,0,1,2,A,-,08,22107,,N,A,C,A,A,H,-,D,D,0,,,,Y,Y,,A,07,1,0,0,0,0,0,0,0,0,"- ","- ",40.116870880126953,-120.23139953613281,LASSEN,UNINCORPORATED,-120.23146057128906,40.116714477539062
91502481,2021,2021-06-22,9140,2021-06-18,0328,020519,,5,3,9,1800,0,1,A,,2,730,"STATE ROUTE 44 W/B","CONARD ROAD",3168.00,W,N,A,-,Y,,,44,,,,,,W,Y,2,0,1,1,A,-,08,22107,,N,E,J,A,A,H,-,D,D,0,,,,,Y,,D,22,1,0,0,0,0,0,0,0,0,"- ","- ",40.441051483154297,-120.86028289794922,LASSEN,UNINCORPORATED,-120.86028289794922,40.441036224365234
9566552,2021,2023-05-08,1801,2021-08-03,1810,2447,,2,5,3,1801,0,0,0,,0,,"RICHMOND RD","RIVERSIDE DR",0.00,,Y,A,-,N,,,,,,,,,,Y,2,0,4,3,A,-,08,22107,,N,A,C,A,A,H,-,A,D,0,,,,,Y,,A,01,1,2,1,0,0,0,0,0,0,"- ","- ",40.453220367431641,-120.57160949707031,LASSEN,SUSANVILLE,-120.65971374511719,40.415336608886719
91638156,2021,2021-11-30,9140,2021-11-20,0250,020519,,6,3,9,1800,0,3,5,,2,010,"COUNTY ROAD A26","SIERRA VISTA ROAD",1150.00,E,N,A,-,N,,,,,,,,,,Y,3,0,1,1,A,-,08,22107,,N,F,A,A,A,H,-,D,D,0,,,,,Y,,A,01,0,1,0,0,0,0,0,0,0,"- ","- ",40.132720947265625,-120.17003631591797,LASSEN,UNINCORPORATED,-120.17031860351562,40.129459381103516
91478240,2021,2021-05-27,9140,2021-05-14,0830,020047,,5,1,9,1800,0,3,5,,2,020,"JOHNSTONVILLE ROAD","BIG SKY ROAD",2112.00,E,N,A,-,N,,,,,,,,,,Y,2,0,1,1,A,-,08,22107,,N,E,I,A,A,H,-,A,D,0,,,,,Y,,D,22,1,0,0,0,0,0,0,0,0,"- ","- ",40.396991729736328,-120.60479736328125,LASSEN,UNINCORPORATED,-120.60540008544922,40.397212982177734
91507817,2021,2021-06-28,9140,2021-06-21,1434,021683,,1,2,9,1800,0,1,3,,2,041,"STATE ROUTE 36","COUNTY ROAD A21",1584.00,E,N,A,-,Y,,,36,,,,,,,Y,3,0,1,1,A,-,08,22107,,N,E,I,A,A,H,-,A,D,0,,,,,Y,,A,01,0,1,0,0,0,0,0,0,0,"- ","- ",40.315540313720703,-120.9876708984375,LASSEN,UNINCORPORATED,-120.98766326904297,40.315452575683594
91447522,2021,2021-04-12,9140,2021-04-03,2355,020806,,6,3,9,1800,0,1,3,,2,032,"STATE ROUTE 44","MCCOY ROAD",11616.00,W,N,A,-,Y,,,,,,,,,,Y,2,0,1,1,A,-,08,22107,,N,E,I,A,A,H,-,D,D,0,,,,,Y,,A,07,1,0,0,0,0,0,0,0,0,"- ","- ",,,LASSEN,UNINCORPORATED,-120.95735931396484,40.483810424804688
91774133,2021,2022-05-17,9140,2021-11-22,1714,018094,,1,2,9,1800,0,1,3,,2,034,SR-44,"BOGARD REST AREA",6336.00,E,N,A,-,Y,,,,,,,,,,Y,1,1,1,1,A,-,08,22107,,N,E,I,A,A,H,-,D,D,0,,,,Y,Y,,-,"- ",1,0,0,0,0,0,0,0,0,"- ","- ",40.355941772460938,-121.06070709228516,LASSEN,UNINCORPORATED,,
91494946,2021,2021-06-11,9140,2021-06-02,0015,020569,,3,3,9,1800,0,1,3,,2,011,"HWY 36","WILLARD CREEK RD",7920.00,W,N,A,-,Y,,,36,,,,,,,Y,3,0,1,1,A,-,08,22107,,N,F,A,A,A,H,-,D,D,0,,,,,Y,,D,22,0,1,0,0,0,0,0,0,0,"- ","- ",40.368511199951172,-120.83370208740234,LASSEN,UNINCORPORATED,-120.83369445800781,40.368503570556641